{"stat.pickup.minecraft.log":3,"stat.flyOneCm":803,"stat.walkOneCm":5113,"stat.jump":9,"stat.playOneMinute":10763,"achievement.openInventory":3,"stat.fallOneCm":209,"stat.craftItem.minecraft.planks":8,"stat.sneakTime":25,"stat.damageTaken":20,"stat.damageDealt":20,"stat.crouchOneCm":208,"stat.timeSinceDeath":10763,"achievement.mineWood":2,"stat.sprintOneCm":2868,"stat.mineBlock.minecraft.log":2,"achievement.exploreAllBiomes":{"value":0,"progress":["ForestHills"]},"stat.mineBlock.minecraft.tallgrass":1,"stat.pickup.minecraft.planks":4}