{"stat.walkOneCm":9355,"achievement.openInventory":5,"stat.craftItem.minecraft.planks":12,"stat.leaveGame":1,"stat.damageTaken":20,"stat.drop.minecraft.water_bucket":1,"stat.mineBlock.minecraft.log":3,"stat.pickup.minecraft.planks":4,"stat.pickup.minecraft.log":4,"stat.flyOneCm":10177,"stat.pickup.minecraft.water_bucket":1,"stat.drop":1,"stat.jump":16,"stat.mineBlock.minecraft.leaves":4,"stat.swimOneCm":526,"stat.pickup.minecraft.egg":1,"stat.playOneMinute":14832,"stat.fallOneCm":209,"stat.sneakTime":25,"stat.damageDealt":30,"stat.crouchOneCm":208,"stat.timeSinceDeath":14832,"achievement.mineWood":3,"stat.sprintOneCm":2868,"achievement.exploreAllBiomes":{"value":0,"progress":["ForestHills"]},"stat.mineBlock.minecraft.tallgrass":1,"stat.diveOneCm":91,"stat.useItem.minecraft.water_bucket":4}